CREATE DATABASE  IF NOT EXISTS `grade_manage_system` /*!40100 DEFAULT CHARACTER SET utf8mb4 COLLATE utf8mb4_0900_ai_ci */ /*!80016 DEFAULT ENCRYPTION='N' */;
USE `grade_manage_system`;
-- MySQL dump 10.13  Distrib 8.0.31, for Win64 (x86_64)
--
-- Host: localhost    Database: grade_manage_system
-- ------------------------------------------------------
-- Server version	8.0.31

/*!40101 SET @OLD_CHARACTER_SET_CLIENT=@@CHARACTER_SET_CLIENT */;
/*!40101 SET @OLD_CHARACTER_SET_RESULTS=@@CHARACTER_SET_RESULTS */;
/*!40101 SET @OLD_COLLATION_CONNECTION=@@COLLATION_CONNECTION */;
/*!50503 SET NAMES utf8 */;
/*!40103 SET @OLD_TIME_ZONE=@@TIME_ZONE */;
/*!40103 SET TIME_ZONE='+00:00' */;
/*!40014 SET @OLD_UNIQUE_CHECKS=@@UNIQUE_CHECKS, UNIQUE_CHECKS=0 */;
/*!40014 SET @OLD_FOREIGN_KEY_CHECKS=@@FOREIGN_KEY_CHECKS, FOREIGN_KEY_CHECKS=0 */;
/*!40101 SET @OLD_SQL_MODE=@@SQL_MODE, SQL_MODE='NO_AUTO_VALUE_ON_ZERO' */;
/*!40111 SET @OLD_SQL_NOTES=@@SQL_NOTES, SQL_NOTES=0 */;

--
-- Table structure for table `course`
--

DROP TABLE IF EXISTS `course`;
/*!40101 SET @saved_cs_client     = @@character_set_client */;
/*!50503 SET character_set_client = utf8mb4 */;
CREATE TABLE `course` (
  `course_id` char(5) NOT NULL,
  `course_name` varchar(20) NOT NULL,
  `year` char(4) NOT NULL,
  `semester` char(2) NOT NULL,
  `teacher_id` char(5) NOT NULL,
  `credit` tinyint unsigned NOT NULL,
  PRIMARY KEY (`course_id`),
  KEY `teacher_id` (`teacher_id`),
  CONSTRAINT `course_ibfk_1` FOREIGN KEY (`teacher_id`) REFERENCES `teacher` (`teacher_id`) ON DELETE CASCADE
) ENGINE=InnoDB DEFAULT CHARSET=utf8mb4 COLLATE=utf8mb4_0900_ai_ci;
/*!40101 SET character_set_client = @saved_cs_client */;

--
-- Dumping data for table `course`
--

LOCK TABLES `course` WRITE;
/*!40000 ALTER TABLE `course` DISABLE KEYS */;
INSERT INTO `course` VALUES ('00001','Python语言程序设计','2022','春','00001',3),('00002','计算机系统结构','2022','春','00002',3),('00003','现代交换原理','2022','春','00003',3),('00004','软件工程','2022','春','00004',3),('00005','通信原理','2018','秋','00005',4),('00006','编译原理与技术','2022','秋','00006',4),('00007','操作系统','2022','秋','00007',4),('00008','微机系统与接口技术','2018','秋','00008',4),('00009','计算机网络','2018','春','00009',4),('00010','计算机组成原理','2018','春','00010',5),('00011','算法设计与分析','2018','春','00011',2),('00012','形式语言与自动机','2018','春','00012',2),('00013','离散数学','2017','秋','00013',6),('00014','算法与数据结构','2017','秋','00014',5),('00015','毛泽东思想概论','2017','秋','00015',4),('00016','数字逻辑','2017','秋','00016',4),('00017','电路与电子学','2017','春','00017',3),('00018','数学分析','2017','春','00018',10),('00019','高等数学1','2020','秋','00028',5),('00020','大学物理','2017','春','00020',4),('00021','思想道德修养','2016','秋','00021',3),('00022','中国近代史纲要','2016','秋','00022',2),('00023','线性代数','2016','秋','00023',3),('00024','大学英语1','2020','秋','00024',4),('00025','网络课程设计','2022','秋','00025',3),('00026','职业发展与就业创业指导','2020','春','00026',1),('00027','C  课程设计2','2020','春','00027',1),('00028','高等数学2','2020','春','00028',6),('00029','大学英语2','2020','春','00024',4),('00030','中国近现代史纲要','2020','春','00029',3),('00031','面向对象C  程序设计2','2020','春','00027',2),('00032','离散数学','2020','春','00030',4),('00033','体育2','2020','春','00031',2),('00034','军事训练','2020','秋','00002',2),('00035','C  课程设计1','2020','秋','00003',1),('00036','面向对象C  程序设计1','2020','秋','00003',3),('00037','心理健康教育与服务','2020','秋','00002',1),('00038','思想道德修养与法律基础','2020','秋','00029',3),('00039','体育1','2020','秋','00031',2),('00040','数据库课程设计','2021','春','00025',1),('00041','专业认知实习','2021','春','00007',1),('00042','Java课程设计','2021','春','00006',1),('00043','Linux操作系统课程设计','2021','春','00025',1),('00044','数字逻辑电路','2021','春','00011',3),('00045','数据库系统','2021','春','00025',3),('00046','概率与统计','2021','春','00012',3),('00047','大学英语4','2021','春','00024',2),('00048','Linux操作系统原理与应用','2021','春','00025',3),('00049','Java程序设计','2021','春','00003',3),('00050','体育4','2021','春','00013',2),('00051','Web开发技术课程设计','2021','秋','00014',1),('00052','数据结构课程设计','2021','秋','00015',1),('00053','Web程序设计基础','2021','秋','00014',3),('00054','计算机电子电路基础','2021','秋','00016',3),('00055','数据结构','2021','秋','00015',4),('00056','马克思主义基本原理概论','2021','秋','00017',3),('00057','线性代数','2021','秋','00018',3),('00058','大学英语3','2021','秋','00024',2),('00059','体育3','2021','秋','00019',2),('00060','软件测试技术','2022','秋','00020',2);
/*!40000 ALTER TABLE `course` ENABLE KEYS */;
UNLOCK TABLES;

--
-- Table structure for table `major`
--

DROP TABLE IF EXISTS `major`;
/*!40101 SET @saved_cs_client     = @@character_set_client */;
/*!50503 SET character_set_client = utf8mb4 */;
CREATE TABLE `major` (
  `major_id` char(3) NOT NULL,
  `major_name` varchar(20) NOT NULL,
  PRIMARY KEY (`major_id`),
  UNIQUE KEY `major_name` (`major_name`)
) ENGINE=InnoDB DEFAULT CHARSET=utf8mb4 COLLATE=utf8mb4_0900_ai_ci;
/*!40101 SET character_set_client = @saved_cs_client */;

--
-- Dumping data for table `major`
--

LOCK TABLES `major` WRITE;
/*!40000 ALTER TABLE `major` DISABLE KEYS */;
INSERT INTO `major` VALUES ('210','信息安全'),('211','计算机科学与技术'),('201','软件工程'),('212','通信工程');
/*!40000 ALTER TABLE `major` ENABLE KEYS */;
UNLOCK TABLES;

--
-- Table structure for table `major_course`
--

DROP TABLE IF EXISTS `major_course`;
/*!40101 SET @saved_cs_client     = @@character_set_client */;
/*!50503 SET character_set_client = utf8mb4 */;
CREATE TABLE `major_course` (
  `major_id` char(3) NOT NULL,
  `course_id` char(5) NOT NULL,
  PRIMARY KEY (`major_id`,`course_id`),
  KEY `course_id` (`course_id`),
  CONSTRAINT `major_course_ibfk_1` FOREIGN KEY (`major_id`) REFERENCES `major` (`major_id`) ON DELETE CASCADE,
  CONSTRAINT `major_course_ibfk_2` FOREIGN KEY (`course_id`) REFERENCES `course` (`course_id`) ON DELETE CASCADE
) ENGINE=InnoDB DEFAULT CHARSET=utf8mb4 COLLATE=utf8mb4_0900_ai_ci;
/*!40101 SET character_set_client = @saved_cs_client */;

--
-- Dumping data for table `major_course`
--

LOCK TABLES `major_course` WRITE;
/*!40000 ALTER TABLE `major_course` DISABLE KEYS */;
INSERT INTO `major_course` VALUES ('201','00001'),('210','00002'),('211','00002'),('211','00003'),('212','00003'),('201','00004'),('212','00004'),('210','00005'),('210','00006'),('211','00006'),('201','00007'),('211','00007'),('212','00007'),('212','00008'),('201','00009'),('210','00009'),('201','00010'),('210','00010'),('211','00010'),('211','00011'),('212','00011'),('212','00012'),('201','00013'),('210','00013'),('210','00014'),('211','00014'),('211','00015'),('212','00015'),('212','00016'),('210','00017'),('210','00018'),('211','00018'),('201','00019'),('211','00019'),('212','00019'),('212','00020'),('201','00021'),('210','00021'),('201','00022'),('210','00022'),('211','00022'),('201','00023'),('211','00023'),('212','00023'),('201','00024'),('212','00024'),('201','00025'),('201','00026'),('201','00027'),('201','00028'),('201','00029'),('201','00030'),('201','00031'),('201','00032'),('201','00033'),('201','00034'),('201','00035'),('201','00036'),('201','00037'),('201','00038'),('201','00039'),('201','00040'),('201','00041'),('201','00042'),('201','00043'),('201','00044'),('201','00045'),('201','00046'),('201','00047'),('201','00048'),('201','00049'),('201','00050'),('201','00051'),('201','00052'),('201','00053'),('201','00054'),('201','00055'),('201','00056'),('201','00057'),('201','00058'),('201','00059'),('201','00060');
/*!40000 ALTER TABLE `major_course` ENABLE KEYS */;
UNLOCK TABLES;
/*!50003 SET @saved_cs_client      = @@character_set_client */ ;
/*!50003 SET @saved_cs_results     = @@character_set_results */ ;
/*!50003 SET @saved_col_connection = @@collation_connection */ ;
/*!50003 SET character_set_client  = utf8mb4 */ ;
/*!50003 SET character_set_results = utf8mb4 */ ;
/*!50003 SET collation_connection  = utf8mb4_0900_ai_ci */ ;
/*!50003 SET @saved_sql_mode       = @@sql_mode */ ;
/*!50003 SET sql_mode              = 'ONLY_FULL_GROUP_BY,STRICT_TRANS_TABLES,NO_ZERO_IN_DATE,NO_ZERO_DATE,ERROR_FOR_DIVISION_BY_ZERO,NO_ENGINE_SUBSTITUTION' */ ;
DELIMITER ;;
/*!50003 CREATE*/ /*!50017 DEFINER=`root`@`localhost`*/ /*!50003 TRIGGER `major_course_AFTER_INSERT` AFTER INSERT ON `major_course` FOR EACH ROW BEGIN
insert into student_course (
        select student_id, new.course_id, null
        from student
        where major_id = new.major_id);
END */;;
DELIMITER ;
/*!50003 SET sql_mode              = @saved_sql_mode */ ;
/*!50003 SET character_set_client  = @saved_cs_client */ ;
/*!50003 SET character_set_results = @saved_cs_results */ ;
/*!50003 SET collation_connection  = @saved_col_connection */ ;
/*!50003 SET @saved_cs_client      = @@character_set_client */ ;
/*!50003 SET @saved_cs_results     = @@character_set_results */ ;
/*!50003 SET @saved_col_connection = @@collation_connection */ ;
/*!50003 SET character_set_client  = utf8mb4 */ ;
/*!50003 SET character_set_results = utf8mb4 */ ;
/*!50003 SET collation_connection  = utf8mb4_0900_ai_ci */ ;
/*!50003 SET @saved_sql_mode       = @@sql_mode */ ;
/*!50003 SET sql_mode              = 'ONLY_FULL_GROUP_BY,STRICT_TRANS_TABLES,NO_ZERO_IN_DATE,NO_ZERO_DATE,ERROR_FOR_DIVISION_BY_ZERO,NO_ENGINE_SUBSTITUTION' */ ;
DELIMITER ;;
/*!50003 CREATE*/ /*!50017 DEFINER=`root`@`localhost`*/ /*!50003 TRIGGER `major_course_AFTER_DELETE` AFTER DELETE ON `major_course` FOR EACH ROW BEGIN
delete from student_course
    where student_id in (
        select student_id
        from student
        where major_id = old.major_id
    ) and course_id = old.course_id;
END */;;
DELIMITER ;
/*!50003 SET sql_mode              = @saved_sql_mode */ ;
/*!50003 SET character_set_client  = @saved_cs_client */ ;
/*!50003 SET character_set_results = @saved_cs_results */ ;
/*!50003 SET collation_connection  = @saved_col_connection */ ;

--
-- Table structure for table `student`
--

DROP TABLE IF EXISTS `student`;
/*!40101 SET @saved_cs_client     = @@character_set_client */;
/*!50503 SET character_set_client = utf8mb4 */;
CREATE TABLE `student` (
  `student_id` char(10) NOT NULL,
  `student_name` varchar(20) NOT NULL,
  `sex` char(2) DEFAULT NULL,
  `birth_year` char(4) DEFAULT NULL,
  `province` varchar(20) DEFAULT NULL,
  `enter_year` char(4) NOT NULL,
  `major_id` char(3) NOT NULL,
  `password` varchar(128) NOT NULL,
  PRIMARY KEY (`student_id`),
  KEY `major_id` (`major_id`),
  CONSTRAINT `student_ibfk_1` FOREIGN KEY (`major_id`) REFERENCES `major` (`major_id`) ON DELETE CASCADE
) ENGINE=InnoDB DEFAULT CHARSET=utf8mb4 COLLATE=utf8mb4_0900_ai_ci;
/*!40101 SET character_set_client = @saved_cs_client */;

--
-- Dumping data for table `student`
--

LOCK TABLES `student` WRITE;
/*!40000 ALTER TABLE `student` DISABLE KEYS */;
INSERT INTO `student` VALUES ('2016210244','顾曼音','男','1998','江西省','2016','212','pbkdf2:sha256:150000$w2IgccPZ$319ec328700194590c583f3e178af93be8eb1f4f5090f073ea09810ae205a8d6'),('2016210249','似安青','男','1998','湖南省','2016','211','pbkdf2:sha256:150000$5k9J7KWz$98a3ad169ed4c8bf65b5b2585110d0c5605adc900b584d32e5d6bf014e391abb'),('2016210250','象幼旋','男','1998','广东省','2016','211','pbkdf2:sha256:150000$cu6XQ4Ay$c46768b201230c14bf8afb71ffbea39bec08ef72ce85b729a76c4589e43a9ddc'),('2016210253','谌幼','男','1998','四川省','2016','212','pbkdf2:sha256:150000$eESSlA1Y$9888e15093647a29a93baa3f4157a53dbe8dda2e526fda65efe9362b8bd882c4'),('2016210262','督心诺','女','1998','辽宁省','2016','211','pbkdf2:sha256:150000$OrrNgqbA$c5e694aa5205874904bd9339fbfa7fce853061922680a4dfa1d648cbff8fbf68'),('2016211235','唐雪卉','男','1998','北京市','2016','210','pbkdf2:sha256:150000$mJ7OBbLx$5ac26f85fb1a819b6b77d58ecb756c85815ec9741cd0e6f6d821ccf359a4524b'),('2016211237','藏寒荷','男','1998','河北省','2016','211','pbkdf2:sha256:150000$Fxoqf2bf$41d2794c4373dffe4b296bcd7323e20b65027908417a3bcc0db9a4bc345898a9'),('2016211239','素承泽','男','1998','黑龙江省','2016','210','pbkdf2:sha256:150000$DFJ6OkSt$d120f3bc3ce2ce672d8f180a3603ba23f13a1dd880d9eba38b1f27620b0a70eb'),('2016211246','支承教','男','1998','河南省','2016','210','pbkdf2:sha256:150000$UNjQfEUJ$678e97302f3d15077f4550d5e30cd129b85b2fac0306266cf68ccef18f17a101'),('2016211252','考珺娅','女','1998','重庆市','2016','210','pbkdf2:sha256:150000$F2wNnxko$e245dfa9f3adca5147874bd69a006da8e68324763738fd1cba9d769e3fb0e7ca'),('2016211257','布昊天','男','1997','浙江省','2016','210','pbkdf2:sha256:150000$pyPyYytB$f624265d0c7440a0bbdb8f6293bbf78c7d4c8fc006a4f1c4d1103e57f554bc07'),('2016211258','玄昊焱','男','1997','宁夏省','2016','210','pbkdf2:sha256:150000$OnbCrdTY$3c69e98ce90fdecaab15668fc1b4cc835cf37f50ece5f423a09d489dc1be275b'),('2016211261','薄水瑶','女','1998','山西省','2016','211','pbkdf2:sha256:150000$aYx8jgQa$86809bd7b23902ba2edb725fbebe077a6912d5a28db5e1cf0f9a7fc6e80075a1'),('2016211263','冉迎丝','女','1998','黑龙江省','2016','211','pbkdf2:sha256:150000$VI5TS38B$22db4ea5ecd03e199a20fa33a6c79a6b13d45965769c85f8bc7729068a95cc68'),('2016211265','仁宏达','女','1998','新疆省','2016','211','pbkdf2:sha256:150000$LMqSX79Z$205fd932d9515ee3a5ba0b081fef8f271b51050a449d967e4c0ae649de371a2d'),('2016212241','南宫又香','男','1998','浙江省','2016','212','pbkdf2:sha256:150000$h9edjELj$22edfdc178b5237e4cd25c6f24176c234dea3e4035267377b7995dc383661d7a'),('2016212255','苍一禾','男','1996','陕西省','2016','212','pbkdf2:sha256:150000$hjSh0k2Q$e04fdddc5008e9956df8e70b949b163b02311748fc115448f577ddedb84076f0'),('2016212256','水凡巧','男','1997','甘肃省','2016','212','pbkdf2:sha256:150000$pL2UBsrU$dcc2d21ab8069e96662f75cb51dbeafc2240d59fa4e1e612ef9cbfedcc9603aa'),('2016212264','偶兴平','女','1998','广西省','2016','212','pbkdf2:sha256:150000$usP122s5$8279428d6beaf0476ef9d65b9207f9beab823e191a42758d8f53b8f2323968dd'),('2016212326','宗飞荷','男','1998','山东省','2016','212','pbkdf2:sha256:150000$UrGmZisZ$beaaa9ab3be51b60f3e6c00da4b5bf53c055dfa120ce80c3a7864d5d9f081dbe'),('2020201261','冯英杰','男','2001','江苏省','2020','201','pbkdf2:sha256:150000$A1Bswe8G$cb33bc22f7d81be02dd23c84efa1bea42901e064a911fba88dca82aef59653d8'),('2020201262','周今','男','2001','江苏省','2020','201','pbkdf2:sha256:150000$FgcZkWdk$3abae5fc72848f2c95287e9339262b8a3547f3a91f55a7ffdd26fc9de12c4d2f'),('2020201263','王郅睿','男','2001','江苏省','2020','201','pbkdf2:sha256:150000$aWICO1cu$1aed16416c6c2e78a0879012d6bd6c105de29648b1ba2e68d104702f50f7e77c'),('2020201264','程星','女','2001','江苏省','2020','201','pbkdf2:sha256:150000$6YXiSyrh$bb3d442f8de163fba48e6928d62d686aa08e1bbe2e7ea32671775c67c6e8da2d'),('2020201265','黄卓骏','男','2001','江苏省','2020','201','pbkdf2:sha256:150000$AtIp9kD1$01280e3b4bbb249abc6a1de8ddccfbef127e65c3833e585efb1d17c3dc969e65'),('2020201266','徐境','女','2001','江苏省','2020','201','pbkdf2:sha256:150000$qgSotFmC$a7be7241c94fb1c239a72868c9db25aea1b1ed4b1b7b8d364cbe9909456d29bf');
/*!40000 ALTER TABLE `student` ENABLE KEYS */;
UNLOCK TABLES;
/*!50003 SET @saved_cs_client      = @@character_set_client */ ;
/*!50003 SET @saved_cs_results     = @@character_set_results */ ;
/*!50003 SET @saved_col_connection = @@collation_connection */ ;
/*!50003 SET character_set_client  = utf8mb4 */ ;
/*!50003 SET character_set_results = utf8mb4 */ ;
/*!50003 SET collation_connection  = utf8mb4_0900_ai_ci */ ;
/*!50003 SET @saved_sql_mode       = @@sql_mode */ ;
/*!50003 SET sql_mode              = 'ONLY_FULL_GROUP_BY,STRICT_TRANS_TABLES,NO_ZERO_IN_DATE,NO_ZERO_DATE,ERROR_FOR_DIVISION_BY_ZERO,NO_ENGINE_SUBSTITUTION' */ ;
DELIMITER ;;
/*!50003 CREATE*/ /*!50017 DEFINER=`root`@`localhost`*/ /*!50003 TRIGGER `student_AFTER_INSERT` AFTER INSERT ON `student` FOR EACH ROW BEGIN
insert into student_course (
        select new.student_id, course_id, null
        from major_course
        where major_id = new.major_id
    );
END */;;
DELIMITER ;
/*!50003 SET sql_mode              = @saved_sql_mode */ ;
/*!50003 SET character_set_client  = @saved_cs_client */ ;
/*!50003 SET character_set_results = @saved_cs_results */ ;
/*!50003 SET collation_connection  = @saved_col_connection */ ;
/*!50003 SET @saved_cs_client      = @@character_set_client */ ;
/*!50003 SET @saved_cs_results     = @@character_set_results */ ;
/*!50003 SET @saved_col_connection = @@collation_connection */ ;
/*!50003 SET character_set_client  = utf8mb4 */ ;
/*!50003 SET character_set_results = utf8mb4 */ ;
/*!50003 SET collation_connection  = utf8mb4_0900_ai_ci */ ;
/*!50003 SET @saved_sql_mode       = @@sql_mode */ ;
/*!50003 SET sql_mode              = 'ONLY_FULL_GROUP_BY,STRICT_TRANS_TABLES,NO_ZERO_IN_DATE,NO_ZERO_DATE,ERROR_FOR_DIVISION_BY_ZERO,NO_ENGINE_SUBSTITUTION' */ ;
DELIMITER ;;
/*!50003 CREATE*/ /*!50017 DEFINER=`root`@`localhost`*/ /*!50003 TRIGGER `student_AFTER_DELETE` AFTER DELETE ON `student` FOR EACH ROW BEGIN
delete from student_course
    where course_id in (
        select course_id
        from major_course
        where major_id = old.major_id
    ) and student_id = old.student_id;
END */;;
DELIMITER ;
/*!50003 SET sql_mode              = @saved_sql_mode */ ;
/*!50003 SET character_set_client  = @saved_cs_client */ ;
/*!50003 SET character_set_results = @saved_cs_results */ ;
/*!50003 SET collation_connection  = @saved_col_connection */ ;

--
-- Table structure for table `student_course`
--

DROP TABLE IF EXISTS `student_course`;
/*!40101 SET @saved_cs_client     = @@character_set_client */;
/*!50503 SET character_set_client = utf8mb4 */;
CREATE TABLE `student_course` (
  `student_id` char(10) NOT NULL,
  `course_id` char(5) NOT NULL,
  `grade` tinyint unsigned DEFAULT NULL,
  PRIMARY KEY (`student_id`,`course_id`)
) ENGINE=InnoDB DEFAULT CHARSET=utf8mb4 COLLATE=utf8mb4_0900_ai_ci;
/*!40101 SET character_set_client = @saved_cs_client */;

--
-- Dumping data for table `student_course`
--

LOCK TABLES `student_course` WRITE;
/*!40000 ALTER TABLE `student_course` DISABLE KEYS */;
INSERT INTO `student_course` VALUES ('2016210244','00003',NULL),('2016210244','00004',NULL),('2016210244','00007',NULL),('2016210244','00008',NULL),('2016210244','00011',NULL),('2016210244','00012',NULL),('2016210244','00015',NULL),('2016210244','00016',NULL),('2016210244','00019',NULL),('2016210244','00020',NULL),('2016210244','00023',NULL),('2016210244','00024',NULL),('2016210249','00002',90),('2016210249','00003',NULL),('2016210249','00006',NULL),('2016210249','00007',NULL),('2016210249','00010',NULL),('2016210249','00011',NULL),('2016210249','00014',NULL),('2016210249','00015',NULL),('2016210249','00018',NULL),('2016210249','00019',NULL),('2016210249','00022',NULL),('2016210249','00023',NULL),('2016210250','00002',77),('2016210250','00003',NULL),('2016210250','00006',NULL),('2016210250','00007',NULL),('2016210250','00010',NULL),('2016210250','00011',NULL),('2016210250','00014',NULL),('2016210250','00015',NULL),('2016210250','00018',NULL),('2016210250','00019',NULL),('2016210250','00022',NULL),('2016210250','00023',NULL),('2016210253','00003',NULL),('2016210253','00004',NULL),('2016210253','00007',NULL),('2016210253','00008',NULL),('2016210253','00011',NULL),('2016210253','00012',NULL),('2016210253','00015',NULL),('2016210253','00016',NULL),('2016210253','00019',NULL),('2016210253','00020',NULL),('2016210253','00023',NULL),('2016210253','00024',NULL),('2016210262','00002',90),('2016210262','00003',NULL),('2016210262','00006',NULL),('2016210262','00007',NULL),('2016210262','00010',NULL),('2016210262','00011',NULL),('2016210262','00014',NULL),('2016210262','00015',NULL),('2016210262','00018',NULL),('2016210262','00019',NULL),('2016210262','00022',NULL),('2016210262','00023',NULL),('2016211235','00002',45),('2016211235','00005',NULL),('2016211235','00006',NULL),('2016211235','00009',NULL),('2016211235','00010',NULL),('2016211235','00013',NULL),('2016211235','00014',NULL),('2016211235','00017',NULL),('2016211235','00018',NULL),('2016211235','00021',NULL),('2016211235','00022',NULL),('2016211237','00002',60),('2016211237','00003',NULL),('2016211237','00006',NULL),('2016211237','00007',NULL),('2016211237','00010',NULL),('2016211237','00011',NULL),('2016211237','00014',NULL),('2016211237','00015',NULL),('2016211237','00018',NULL),('2016211237','00019',NULL),('2016211237','00022',NULL),('2016211237','00023',NULL),('2016211239','00002',78),('2016211239','00005',NULL),('2016211239','00006',NULL),('2016211239','00009',NULL),('2016211239','00010',NULL),('2016211239','00013',NULL),('2016211239','00014',NULL),('2016211239','00017',NULL),('2016211239','00018',NULL),('2016211239','00021',NULL),('2016211239','00022',NULL),('2016211246','00002',90),('2016211246','00005',NULL),('2016211246','00006',NULL),('2016211246','00009',NULL),('2016211246','00010',NULL),('2016211246','00013',NULL),('2016211246','00014',NULL),('2016211246','00017',NULL),('2016211246','00018',NULL),('2016211246','00021',NULL),('2016211246','00022',NULL),('2016211252','00002',88),('2016211252','00005',NULL),('2016211252','00006',NULL),('2016211252','00009',NULL),('2016211252','00010',NULL),('2016211252','00013',NULL),('2016211252','00014',NULL),('2016211252','00017',NULL),('2016211252','00018',NULL),('2016211252','00021',NULL),('2016211252','00022',NULL),('2016211257','00002',77),('2016211257','00005',NULL),('2016211257','00006',NULL),('2016211257','00009',NULL),('2016211257','00010',NULL),('2016211257','00013',NULL),('2016211257','00014',NULL),('2016211257','00017',NULL),('2016211257','00018',NULL),('2016211257','00021',NULL),('2016211257','00022',NULL),('2016211258','00002',59),('2016211258','00005',NULL),('2016211258','00006',NULL),('2016211258','00009',NULL),('2016211258','00010',NULL),('2016211258','00013',NULL),('2016211258','00014',NULL),('2016211258','00017',NULL),('2016211258','00018',NULL),('2016211258','00021',NULL),('2016211258','00022',NULL),('2016211261','00002',67),('2016211261','00003',NULL),('2016211261','00006',NULL),('2016211261','00007',NULL),('2016211261','00010',NULL),('2016211261','00011',NULL),('2016211261','00014',NULL),('2016211261','00015',NULL),('2016211261','00018',NULL),('2016211261','00019',NULL),('2016211261','00022',NULL),('2016211261','00023',NULL),('2016211263','00002',58),('2016211263','00003',NULL),('2016211263','00006',NULL),('2016211263','00007',NULL),('2016211263','00010',NULL),('2016211263','00011',NULL),('2016211263','00014',NULL),('2016211263','00015',NULL),('2016211263','00018',NULL),('2016211263','00019',NULL),('2016211263','00022',NULL),('2016211263','00023',NULL),('2016211265','00002',89),('2016211265','00003',NULL),('2016211265','00006',NULL),('2016211265','00007',NULL),('2016211265','00010',NULL),('2016211265','00011',NULL),('2016211265','00014',NULL),('2016211265','00015',NULL),('2016211265','00018',NULL),('2016211265','00019',NULL),('2016211265','00022',NULL),('2016211265','00023',NULL),('2016212241','00003',NULL),('2016212241','00004',NULL),('2016212241','00007',NULL),('2016212241','00008',NULL),('2016212241','00011',NULL),('2016212241','00012',NULL),('2016212241','00015',NULL),('2016212241','00016',NULL),('2016212241','00019',NULL),('2016212241','00020',NULL),('2016212241','00023',NULL),('2016212241','00024',NULL),('2016212255','00003',NULL),('2016212255','00004',NULL),('2016212255','00007',NULL),('2016212255','00008',NULL),('2016212255','00011',NULL),('2016212255','00012',NULL),('2016212255','00015',NULL),('2016212255','00016',NULL),('2016212255','00019',NULL),('2016212255','00020',NULL),('2016212255','00023',NULL),('2016212255','00024',NULL),('2016212256','00003',NULL),('2016212256','00004',NULL),('2016212256','00007',NULL),('2016212256','00008',NULL),('2016212256','00011',NULL),('2016212256','00012',NULL),('2016212256','00015',NULL),('2016212256','00016',NULL),('2016212256','00019',NULL),('2016212256','00020',NULL),('2016212256','00023',NULL),('2016212256','00024',NULL),('2016212264','00003',NULL),('2016212264','00004',NULL),('2016212264','00007',NULL),('2016212264','00008',NULL),('2016212264','00011',NULL),('2016212264','00012',NULL),('2016212264','00015',NULL),('2016212264','00016',NULL),('2016212264','00019',NULL),('2016212264','00020',NULL),('2016212264','00023',NULL),('2016212264','00024',NULL),('2016212326','00003',NULL),('2016212326','00004',NULL),('2016212326','00007',NULL),('2016212326','00008',NULL),('2016212326','00011',NULL),('2016212326','00012',NULL),('2016212326','00015',NULL),('2016212326','00016',NULL),('2016212326','00019',NULL),('2016212326','00020',NULL),('2016212326','00023',NULL),('2016212326','00024',NULL),('2020201261','00001',76),('2020201261','00004',NULL),('2020201261','00007',NULL),('2020201261','00009',NULL),('2020201261','00010',NULL),('2020201261','00013',NULL),('2020201261','00019',NULL),('2020201261','00021',NULL),('2020201261','00022',NULL),('2020201261','00023',NULL),('2020201261','00024',NULL),('2020201261','00025',NULL),('2020201261','00026',NULL),('2020201261','00027',NULL),('2020201261','00028',NULL),('2020201261','00029',NULL),('2020201261','00030',NULL),('2020201261','00031',NULL),('2020201261','00032',NULL),('2020201261','00033',NULL),('2020201261','00034',NULL),('2020201261','00035',NULL),('2020201261','00036',NULL),('2020201261','00037',NULL),('2020201261','00038',NULL),('2020201261','00039',NULL),('2020201261','00040',NULL),('2020201261','00041',NULL),('2020201261','00042',NULL),('2020201261','00043',NULL),('2020201261','00044',NULL),('2020201261','00045',NULL),('2020201261','00046',NULL),('2020201261','00047',NULL),('2020201261','00048',NULL),('2020201261','00049',NULL),('2020201261','00050',NULL),('2020201261','00051',NULL),('2020201261','00052',NULL),('2020201261','00053',NULL),('2020201261','00054',NULL),('2020201261','00055',NULL),('2020201261','00056',NULL),('2020201261','00057',NULL),('2020201261','00058',NULL),('2020201261','00059',NULL),('2020201261','00060',NULL),('2020201262','00001',56),('2020201262','00004',NULL),('2020201262','00007',NULL),('2020201262','00009',NULL),('2020201262','00010',NULL),('2020201262','00013',NULL),('2020201262','00019',NULL),('2020201262','00021',NULL),('2020201262','00022',NULL),('2020201262','00023',NULL),('2020201262','00024',NULL),('2020201262','00025',NULL),('2020201262','00026',NULL),('2020201262','00027',NULL),('2020201262','00028',NULL),('2020201262','00029',NULL),('2020201262','00030',NULL),('2020201262','00031',NULL),('2020201262','00032',NULL),('2020201262','00033',NULL),('2020201262','00034',NULL),('2020201262','00035',NULL),('2020201262','00036',NULL),('2020201262','00037',NULL),('2020201262','00038',NULL),('2020201262','00039',NULL),('2020201262','00040',NULL),('2020201262','00041',NULL),('2020201262','00042',NULL),('2020201262','00043',NULL),('2020201262','00044',NULL),('2020201262','00045',NULL),('2020201262','00046',NULL),('2020201262','00047',NULL),('2020201262','00048',NULL),('2020201262','00049',NULL),('2020201262','00050',NULL),('2020201262','00051',NULL),('2020201262','00052',NULL),('2020201262','00053',NULL),('2020201262','00054',NULL),('2020201262','00055',NULL),('2020201262','00056',NULL),('2020201262','00057',NULL),('2020201262','00058',NULL),('2020201262','00059',NULL),('2020201262','00060',NULL),('2020201263','00001',88),('2020201263','00004',NULL),('2020201263','00007',NULL),('2020201263','00009',NULL),('2020201263','00010',NULL),('2020201263','00013',NULL),('2020201263','00019',NULL),('2020201263','00021',NULL),('2020201263','00022',NULL),('2020201263','00023',NULL),('2020201263','00024',NULL),('2020201263','00025',NULL),('2020201263','00026',NULL),('2020201263','00027',NULL),('2020201263','00028',NULL),('2020201263','00029',NULL),('2020201263','00030',NULL),('2020201263','00031',NULL),('2020201263','00032',NULL),('2020201263','00033',NULL),('2020201263','00034',NULL),('2020201263','00035',NULL),('2020201263','00036',NULL),('2020201263','00037',NULL),('2020201263','00038',NULL),('2020201263','00039',NULL),('2020201263','00040',NULL),('2020201263','00041',NULL),('2020201263','00042',NULL),('2020201263','00043',NULL),('2020201263','00044',NULL),('2020201263','00045',NULL),('2020201263','00046',NULL),('2020201263','00047',NULL),('2020201263','00048',NULL),('2020201263','00049',NULL),('2020201263','00050',NULL),('2020201263','00051',NULL),('2020201263','00052',NULL),('2020201263','00053',NULL),('2020201263','00054',NULL),('2020201263','00055',NULL),('2020201263','00056',NULL),('2020201263','00057',NULL),('2020201263','00058',NULL),('2020201263','00059',NULL),('2020201263','00060',NULL),('2020201264','00001',77),('2020201264','00004',NULL),('2020201264','00007',NULL),('2020201264','00009',NULL),('2020201264','00010',NULL),('2020201264','00013',NULL),('2020201264','00019',NULL),('2020201264','00021',NULL),('2020201264','00022',NULL),('2020201264','00023',NULL),('2020201264','00024',NULL),('2020201264','00025',NULL),('2020201264','00026',NULL),('2020201264','00027',NULL),('2020201264','00028',NULL),('2020201264','00029',NULL),('2020201264','00030',NULL),('2020201264','00031',NULL),('2020201264','00032',NULL),('2020201264','00033',NULL),('2020201264','00034',NULL),('2020201264','00035',NULL),('2020201264','00036',NULL),('2020201264','00037',NULL),('2020201264','00038',NULL),('2020201264','00039',NULL),('2020201264','00040',NULL),('2020201264','00041',NULL),('2020201264','00042',NULL),('2020201264','00043',NULL),('2020201264','00044',NULL),('2020201264','00045',NULL),('2020201264','00046',NULL),('2020201264','00047',NULL),('2020201264','00048',NULL),('2020201264','00049',NULL),('2020201264','00050',NULL),('2020201264','00051',NULL),('2020201264','00052',NULL),('2020201264','00053',NULL),('2020201264','00054',NULL),('2020201264','00055',NULL),('2020201264','00056',NULL),('2020201264','00057',NULL),('2020201264','00058',NULL),('2020201264','00059',NULL),('2020201264','00060',NULL),('2020201265','00001',87),('2020201265','00004',NULL),('2020201265','00007',NULL),('2020201265','00009',NULL),('2020201265','00010',NULL),('2020201265','00013',NULL),('2020201265','00019',NULL),('2020201265','00021',NULL),('2020201265','00022',NULL),('2020201265','00023',NULL),('2020201265','00024',NULL),('2020201265','00025',NULL),('2020201265','00026',NULL),('2020201265','00027',NULL),('2020201265','00028',NULL),('2020201265','00029',NULL),('2020201265','00030',NULL),('2020201265','00031',NULL),('2020201265','00032',NULL),('2020201265','00033',NULL),('2020201265','00034',NULL),('2020201265','00035',NULL),('2020201265','00036',NULL),('2020201265','00037',NULL),('2020201265','00038',NULL),('2020201265','00039',NULL),('2020201265','00040',NULL),('2020201265','00041',NULL),('2020201265','00042',NULL),('2020201265','00043',NULL),('2020201265','00044',NULL),('2020201265','00045',NULL),('2020201265','00046',NULL),('2020201265','00047',NULL),('2020201265','00048',NULL),('2020201265','00049',NULL),('2020201265','00050',NULL),('2020201265','00051',NULL),('2020201265','00052',NULL),('2020201265','00053',NULL),('2020201265','00054',NULL),('2020201265','00055',NULL),('2020201265','00056',NULL),('2020201265','00057',NULL),('2020201265','00058',NULL),('2020201265','00059',NULL),('2020201265','00060',NULL),('2020201266','00001',56),('2020201266','00004',NULL),('2020201266','00007',NULL),('2020201266','00009',NULL),('2020201266','00010',NULL),('2020201266','00013',NULL),('2020201266','00019',NULL),('2020201266','00021',NULL),('2020201266','00022',NULL),('2020201266','00023',NULL),('2020201266','00024',NULL),('2020201266','00025',NULL),('2020201266','00026',NULL),('2020201266','00027',NULL),('2020201266','00028',NULL),('2020201266','00029',NULL),('2020201266','00030',NULL),('2020201266','00031',NULL),('2020201266','00032',NULL),('2020201266','00033',NULL),('2020201266','00034',NULL),('2020201266','00035',NULL),('2020201266','00036',NULL),('2020201266','00037',NULL),('2020201266','00038',NULL),('2020201266','00039',NULL),('2020201266','00040',NULL),('2020201266','00041',NULL),('2020201266','00042',NULL),('2020201266','00043',NULL),('2020201266','00044',NULL),('2020201266','00045',NULL),('2020201266','00046',NULL),('2020201266','00047',NULL),('2020201266','00048',NULL),('2020201266','00049',NULL),('2020201266','00050',NULL),('2020201266','00051',NULL),('2020201266','00052',NULL),('2020201266','00053',NULL),('2020201266','00054',NULL),('2020201266','00055',NULL),('2020201266','00056',NULL),('2020201266','00057',NULL),('2020201266','00058',NULL),('2020201266','00059',NULL),('2020201266','00060',NULL);
/*!40000 ALTER TABLE `student_course` ENABLE KEYS */;
UNLOCK TABLES;

--
-- Table structure for table `teacher`
--

DROP TABLE IF EXISTS `teacher`;
/*!40101 SET @saved_cs_client     = @@character_set_client */;
/*!50503 SET character_set_client = utf8mb4 */;
CREATE TABLE `teacher` (
  `teacher_id` char(5) NOT NULL,
  `teacher_name` varchar(20) NOT NULL,
  `sex` char(2) DEFAULT NULL,
  `birth_year` char(4) DEFAULT NULL,
  `password` varchar(128) NOT NULL,
  PRIMARY KEY (`teacher_id`)
) ENGINE=InnoDB DEFAULT CHARSET=utf8mb4 COLLATE=utf8mb4_0900_ai_ci;
/*!40101 SET character_set_client = @saved_cs_client */;

--
-- Dumping data for table `teacher`
--

LOCK TABLES `teacher` WRITE;
/*!40000 ALTER TABLE `teacher` DISABLE KEYS */;
INSERT INTO `teacher` VALUES ('00001','陈小云','女','1988','pbkdf2:sha256:150000$ryVqKbUC$48248641db0eed968b6bda2c5a5996a3a2261684ceaaea384834eccfa0250b4c'),('00002','黄冰珩','男','1981','pbkdf2:sha256:150000$jqt7NswK$dbf8afc3b6a0bc833ba9b28578945bbb6186a35f7ec7ae6a3c059909135e21e2'),('00003','朱俊','女','1988','pbkdf2:sha256:150000$0Y4t7COW$2a455bbb968691e1c88f089ffc80c90053cef5406e7a3933c56563b7a72f3e45'),('00004','季晓君','女','1988','pbkdf2:sha256:150000$94V4m1eA$3edaf549bb560278a22d36416c78bf54762840d47238e5a755fc018cadcf358d'),('00005','翟双灿','女','1974','pbkdf2:sha256:150000$vhS05WHD$505b24e752e699051ab92ac1903a09519b92fa9abd27a173300a2970dbdadf95'),('00006','沈雅婷','女','1975','pbkdf2:sha256:150000$h4XH5Zmh$0809312e3b5bf4aeef71e40a11e6e08df299b2f04bb4734adb4cd89d9a9e60a2'),('00007','王丽','女','1992','pbkdf2:sha256:150000$zdFOOBnp$67370b07b0018fae57c2225781c0b486571d67776a1733b061056654c2790c2a'),('00008','羿晶晶','男','1977','pbkdf2:sha256:150000$aKTQFzNy$99cc9287bc1908264b3cd2b9d52ca8bae0c16a8173ae890e19ea93e65504d134'),('00009','邵黎','女','1988','pbkdf2:sha256:150000$gLPBmwGI$c7bf242b751e89e67a4a0c4b2710b40ba7a82f185fb374fd01b78c1cecb8db37'),('00010','朱娴','女','1992','pbkdf2:sha256:150000$oOLGzWN6$81cf7a472dcdb6073ad53eea7bbff1b7328a27e6bd8d4debb144f5b1f3305fcb'),('00011','王广文','男','1980','pbkdf2:sha256:150000$NlDL2ubt$b3bbc1f589ef441f9d9f3475caf1a252811aa7dde5eb66ac293404300a70b80d'),('00012','赵飞燕','女','1981','pbkdf2:sha256:150000$VEh9oJRN$6b84b0c0017144ee2d503d5d52a3f8a8f28442bd3a97695e3775cb46e1318854'),('00013','董进','男','1982','pbkdf2:sha256:150000$bFSGVusE$e7ecbd57ef721b7fcbf4d8d1698f81111c500fcf851e775647a8a58917423b71'),('00014','孙勇','男','1983','pbkdf2:sha256:150000$E6BMrz1P$fcce112be4d0767a65cd1f51f422b93c2d107213ab4c30b35e79295501f4aa22'),('00015','韦伟','女','1984','pbkdf2:sha256:150000$2rICjiWp$102a5c3395f8e2c0106b273583c2da0d6ab922408daacb1211072e0e82c6cadf'),('00016','栾迪','女','1985','pbkdf2:sha256:150000$ZgvvgoJw$20e6005b323f14ab30023964fce51f8c1b3f29c16ea6c0ee47a29323f1554c40'),('00017','谢敏','女','1970','pbkdf2:sha256:150000$4ijihZke$7ad1a39d41f9f7c9316674f04cf02a9f988494d5d3771a169f0012c4e1c4c4d7'),('00018','周需焕','男','1971','pbkdf2:sha256:150000$MFq61dRz$a79062cdd153425cc5cb33d32e7820ecde0dbeb0b0886058cb297d3a71f0f1ce'),('00019','张现峰','男','1972','pbkdf2:sha256:150000$lQe9tC8O$c89c4d928b53d6a48562959ff18816a7b924d4b42ed74fd17c1dfde8abdca2bf'),('00020','李菊','女','1973','pbkdf2:sha256:150000$G70WUUhD$c6f78699203bae23ecd70d88082d5c1a8f7c0eddd8254eca422ee674c62ca4ac'),('00021','卫萝','女','1974','pbkdf2:sha256:150000$5OuoY7mN$acaaee2a03245b6d95fdb7da05a3075f49f63dfc44f884a0a2c73c4b76cd42ad'),('00022','宁雅青','男','1975','pbkdf2:sha256:150000$h2RKPTKp$4b279252bf4c42ac17b889983d370a02d13e65751f380d9dcdd7d61bf2dbeda6'),('00023','粟俊喆','男','1976','pbkdf2:sha256:150000$w8ssOSPW$47ef6ce8d334d992a3d745a2a843fa265a6129c2082f75815e63980bd32d0289'),('00024','蒋春丽','女','1995','pbkdf2:sha256:150000$Eb1T4Odh$d38c100741e03f81ec5ade79a8b6259e3cc62b6cdaf442eedbd22b193359cfbd'),('00025','游凤芹','女','1994','pbkdf2:sha256:150000$vzk0LnUj$197776574c557b34e0ee3a451ce50c3e6f39096edde8986b96f3d21d183faa5a'),('00026','凤英杰','男','2001','pbkdf2:sha256:150000$fdQnr1hm$a387389d70f36c588bcb337bd8ab497ddd06b0a783383c7b983f55b964808650'),('00027','杜兰','女','1988','pbkdf2:sha256:150000$MkqlEi1Y$a5b65c6486b354f86036d7f5253309bca6fcf802a35aa768f33ebf9367b4f244'),('00028','李卫荣','男','1968','pbkdf2:sha256:150000$mTPTx52V$116a8c48c57f12d74a215106a200002730e216b957a9fba59531e3c7b4bcc3f8'),('00029','王芳','女','1988','pbkdf2:sha256:150000$Pcy5kDCY$d87cf34c6e88179019044d84bd7b2a639ec54631e507b780065e7f11179839fe'),('00030','翟其清','男','1988','pbkdf2:sha256:150000$XR7xRGcq$b4d94ed46473bf2ab476744be05fb932cde00a6e623d3e2bc3f05d9b8471f69d'),('00031','酒华炜','男','1977','pbkdf2:sha256:150000$teN26l1E$2a9b6b49a255855ec9a335bd75dfe21e101760ed18f6a48c71d073a253d5e20c');
/*!40000 ALTER TABLE `teacher` ENABLE KEYS */;
UNLOCK TABLES;

--
-- Dumping events for database 'grade_manage_system'
--

--
-- Dumping routines for database 'grade_manage_system'
--
/*!40103 SET TIME_ZONE=@OLD_TIME_ZONE */;

/*!40101 SET SQL_MODE=@OLD_SQL_MODE */;
/*!40014 SET FOREIGN_KEY_CHECKS=@OLD_FOREIGN_KEY_CHECKS */;
/*!40014 SET UNIQUE_CHECKS=@OLD_UNIQUE_CHECKS */;
/*!40101 SET CHARACTER_SET_CLIENT=@OLD_CHARACTER_SET_CLIENT */;
/*!40101 SET CHARACTER_SET_RESULTS=@OLD_CHARACTER_SET_RESULTS */;
/*!40101 SET COLLATION_CONNECTION=@OLD_COLLATION_CONNECTION */;
/*!40111 SET SQL_NOTES=@OLD_SQL_NOTES */;

-- Dump completed on 2022-12-04 16:28:39
